{"exchange": "EGX", "model_name": "striker 0.25 \ud83e\uddff.pkl", "timestamp": "2026-02-01T22:52:16.382435", "metrics": {"precision": 0.5, "recall": 0.1163670091324201, "f1": 0.18879499942122932, "auc": 0.6151573179815999, "optimal_threshold": 0.6177137023739449}, "features_count": 39, "samples": 469805, "has_meta_labeling": true, "meta_threshold": 0.25}