{"exchange": "EGX", "useEarlyStopping": true, "nEstimators": 2000, "trainingSamples": 478020, "numFeatures": 28, "featurePreset": "extended", "symbolsUsed": 237, "rawRows": 538703, "timestamp": "2026-01-21T10:23:57.680563Z", "timing": {"loading": 539.3932104110718, "features": 1126.9343361854553, "training": 332.43081164360046, "total": 2009.6867191791534}}