{"exchange": "EGX", "useEarlyStopping": true, "nEstimators": 100000, "bestIteration": 313, "trainingSamples": 468650, "numFeatures": 200, "featurePreset": "max", "symbolsUsed": 231, "rawRows": 474929, "targetPct": 0.1, "stopLossPct": 0.05, "lookForwardDays": 20, "timestamp": "2026-01-30T01:11:33.830330Z", "timing": {"loading": 107.34764099121094, "features": 684.6449162960052, "training": 292.3503291606903, "total": 1103.1914410591125}}