{"exchange": "EGX", "model_name": "saver \u2623.pkl", "timestamp": "2026-02-03T14:29:14.948116", "metrics": {"precision": 0.5020670647680294, "recall": 0.05713240290627777, "f1": 0.10259057630936737, "auc": 0.6300986216746389, "optimal_threshold": 0.688842086620441}, "features_count": 39, "samples": 469805, "has_meta_labeling": true, "meta_threshold": 0.65}