{"exchange": "EGX", "model_name": "TREES \ud83c\udf32.pkl", "timestamp": "2026-01-31T23:27:37.983080", "metrics": {"precision": 0.2984085295313135, "recall": 0.447591802279229, "f1": 0.35808351780287395, "auc": 0.6068150924523088}, "features_count": 150, "samples": 469805, "has_meta_labeling": true, "meta_threshold": 0.55}