{"exchange": "EGX", "model_name": "tree \ud83c\udf32.pkl", "timestamp": "2026-01-31T02:55:10.953648", "metrics": {"precision": 0.6350368078523418, "recall": 1.0, "f1": 0.776785947328583, "auc": 0.5826433774779457}, "features_count": 49, "samples": 468650, "has_meta_labeling": true, "meta_threshold": 0.33}